claim_id,patient_id,patient_age,patient_gender,provider_npi,provider_name,provider_specialty,provider_state,date_of_service,cpt_code,cpt_description,icd_primary,icd_description,billed_amount,units,pos_description,composite_risk_score,rule_flag_count,rule_flag_severity,rule_flags,pct_99215,weekend_billing_rate,provider_vs_specialty_ratio,fraud_label,ai_risk_score,ai_fraud_category,ai_plausible,ai_confidence,ai_narrative,ai_red_flags,ai_recommendation,ai_provider,ai_analysis_time_sec,ai_error
CLM-FWA-FHIR-16572,PAT-86569,65,U,1234567892,Dr. Patricia Moore,Orthopedic Surgery,CA,2024-01-30,27447,Total knee replacement,M25.361,Stiffness of right hip (wrong body part),12500.0,1,Inpatient Hospital,53.6,1,HIGH,"[{""rule"": ""ICD_CPT_MISMATCH"", ""severity"": ""HIGH"", ""detail"": ""ICD M25.361 (Stiffness of right hip (wrong body part)) does not justify CPT 27447 (Total knee replacement)""}]",0.0,25.0,1.0,ICD_CPT_MISMATCH,90,MEDICALLY_UNNECESSARY,False,95,"The claim for a total knee replacement (CPT 27447) is not justified by the diagnosis of stiffness of the right hip (ICD M25.361), indicating a medically unnecessary procedure. This mismatch between the diagnosis and procedure is a clear indication of fraud. The patient's condition does not warrant a total knee replacement, making this claim clinically indefensible.",ICD_CPT_MISMATCH | MEDICALLY_UNNECESSARY,REFER_TO_SIU,groq,1.14,
CLM-FWA-FHIR-62923,PAT-25713,65,U,1234567892,Dr. Patricia Moore,Orthopedic Surgery,CA,2024-10-23,27447,Total knee replacement,M25.361,Stiffness of right hip (wrong body part),12500.0,1,Inpatient Hospital,53.6,1,HIGH,"[{""rule"": ""ICD_CPT_MISMATCH"", ""severity"": ""HIGH"", ""detail"": ""ICD M25.361 (Stiffness of right hip (wrong body part)) does not justify CPT 27447 (Total knee replacement)""}]",0.0,25.0,1.0,ICD_CPT_MISMATCH,90,MEDICALLY_UNNECESSARY,False,95,"The claim for a total knee replacement (CPT 27447) is not justified by the diagnosis of stiffness of the right hip (ICD M25.361), indicating a medically unnecessary procedure. This mismatch between the diagnosis and procedure suggests a potential fraud pattern, as the treatment does not align with the patient's condition.",ICD_CPT_MISMATCH,REFER_TO_SIU,groq,0.92,
CLM-FWA-FHIR-34356,PAT-18981,65,U,1234567892,Dr. Patricia Moore,Orthopedic Surgery,CA,2024-12-11,27447,Total knee replacement,M25.361,Stiffness of right hip (wrong body part),12500.0,1,Inpatient Hospital,53.6,1,HIGH,"[{""rule"": ""ICD_CPT_MISMATCH"", ""severity"": ""HIGH"", ""detail"": ""ICD M25.361 (Stiffness of right hip (wrong body part)) does not justify CPT 27447 (Total knee replacement)""}]",0.0,25.0,1.0,ICD_CPT_MISMATCH,90,MEDICALLY_UNNECESSARY,False,95,"The claim for a total knee replacement (CPT 27447) is not justified by the diagnosis of stiffness of the right hip (ICD M25.361), indicating a medically unnecessary procedure. This mismatch between the diagnosis and procedure is a clear indication of fraud, as the treatment does not align with the patient's condition.",ICD_CPT_MISMATCH,REFER_TO_SIU,groq,0.78,
CLM-FWA-FHIR-48890,PAT-38534,65,U,1234567892,Dr. Patricia Moore,Orthopedic Surgery,CA,2024-06-09,27447,Total knee replacement,M25.361,Stiffness of right hip (wrong body part),12500.0,1,Inpatient Hospital,53.6,1,HIGH,"[{""rule"": ""ICD_CPT_MISMATCH"", ""severity"": ""HIGH"", ""detail"": ""ICD M25.361 (Stiffness of right hip (wrong body part)) does not justify CPT 27447 (Total knee replacement)""}]",0.0,25.0,1.0,ICD_CPT_MISMATCH,90,MEDICALLY_UNNECESSARY,False,95,"The claim is flagged for medically unnecessary services due to an ICD-CPT mismatch, where the diagnosis of stiffness of the right hip does not justify a total knee replacement procedure. This discrepancy suggests a potential fraud pattern where the provider may be billing for unnecessary or unrelated procedures, which is a clear violation of medical necessity standards.",ICD_CPT_MISMATCH | HIGH_RISK_PROCEDURE,REFER_TO_SIU,groq,0.82,
CLM-FWA-FHIR-82132,PAT-22833,65,U,1234567890,Dr. Sarah Johnson,Internal Medicine,TX,2024-02-17,36415,Venipuncture (should not appear with 36416),E11.9,Type 2 diabetes mellitus,30.0,1,Office,49.6,1,HIGH,"[{""rule"": ""ICD_CPT_MISMATCH"", ""severity"": ""HIGH"", ""detail"": ""ICD E11.9 (Type 2 diabetes mellitus) does not justify CPT 36415 (Venipuncture (should not appear with 36416))""}]",73.3,32.3,1.0,UNBUNDLING,90,UNBUNDLING,False,90,"The claim exhibits an unbundling pattern, where a venipuncture procedure (CPT 36415) is billed separately, potentially inappropriately, given the context of a diabetes follow-up visit. The ICD_CPT_MISMATCH flag suggests that the diagnosis of Type 2 diabetes mellitus does not justify the use of this specific CPT code, further supporting the unbundling concern.",ICD_CPT_MISMATCH | Unbundling of services,REFER_TO_SIU,groq,6.89,
CLM-FWA-FHIR-31798,PAT-63269,65,U,1234567890,Dr. Sarah Johnson,Internal Medicine,TX,2024-04-19,36415,Venipuncture (should not appear with 36416),E11.9,Type 2 diabetes mellitus,30.0,1,Office,49.6,1,HIGH,"[{""rule"": ""ICD_CPT_MISMATCH"", ""severity"": ""HIGH"", ""detail"": ""ICD E11.9 (Type 2 diabetes mellitus) does not justify CPT 36415 (Venipuncture (should not appear with 36416))""}]",73.3,32.3,1.0,UNBUNDLING,90,UNBUNDLING,False,90,"The claim exhibits an unbundling pattern, where a venipuncture procedure (CPT 36415) is billed separately, potentially inappropriately, given the context of a diabetes follow-up visit. The ICD_CPT_MISMATCH flag suggests that the diagnosis of Type 2 diabetes mellitus does not justify the use of this specific CPT code, indicating a possible unbundling of services that should be included in a more comprehensive code.",ICD_CPT_MISMATCH | Unbundling of services,REFER_TO_SIU,groq,6.12,
CLM-FWA-FHIR-17685,PAT-31579,65,U,1234567890,Dr. Sarah Johnson,Internal Medicine,TX,2024-07-18,36415,Venipuncture (should not appear with 36416),E11.9,Type 2 diabetes mellitus,30.0,1,Office,49.6,1,HIGH,"[{""rule"": ""ICD_CPT_MISMATCH"", ""severity"": ""HIGH"", ""detail"": ""ICD E11.9 (Type 2 diabetes mellitus) does not justify CPT 36415 (Venipuncture (should not appear with 36416))""}]",73.3,32.3,1.0,UNBUNDLING,90,UNBUNDLING,False,90,"The claim exhibits a confirmed unbundling pattern, where a venipuncture procedure (CPT 36415) is billed separately, potentially inappropriately, given the context of a diabetes follow-up visit. This unbundling may indicate an attempt to inflate billing, as venipuncture is often included in the evaluation and management (E&M) service. The ICD_CPT_MISMATCH flag further supports this concern, as the diagnosis of Type 2 diabetes mellitus does not independently justify the separate billing of venipuncture.",ICD_CPT_MISMATCH | Unbundling of included services,REFER_TO_SIU,groq,3.0,
CLM-FWA-FHIR-34050,PAT-46509,65,U,1234567890,Dr. Sarah Johnson,Internal Medicine,TX,2024-02-08,36415,Venipuncture (should not appear with 36416),E11.9,Type 2 diabetes mellitus,30.0,1,Office,49.6,1,HIGH,"[{""rule"": ""ICD_CPT_MISMATCH"", ""severity"": ""HIGH"", ""detail"": ""ICD E11.9 (Type 2 diabetes mellitus) does not justify CPT 36415 (Venipuncture (should not appear with 36416))""}]",73.3,32.3,1.0,UNBUNDLING,90,UNBUNDLING,False,90,"The claim exhibits a confirmed unbundling pattern, where a venipuncture procedure (CPT 36415) is billed separately, potentially inappropriately, given the context of a diabetes follow-up visit. This unbundling may indicate an attempt to inflate billing by separating a procedure that could be included in a more comprehensive service. The ICD_CPT_MISMATCH flag further supports this concern, as the diagnosis of Type 2 diabetes mellitus does not independently justify the separate billing of this procedure.",ICD_CPT_MISMATCH | Unbundling of services,REFER_TO_SIU,groq,7.05,
CLM-FWA-FHIR-69638,PAT-47388,65,U,1234567892,Dr. Patricia Moore,Orthopedic Surgery,CA,2024-03-20,27447,Total knee replacement,M25.361,Stiffness of right hip (wrong body part),12500.0,1,Inpatient Hospital,53.6,1,HIGH,"[{""rule"": ""ICD_CPT_MISMATCH"", ""severity"": ""HIGH"", ""detail"": ""ICD M25.361 (Stiffness of right hip (wrong body part)) does not justify CPT 27447 (Total knee replacement)""}]",0.0,25.0,1.0,ICD_CPT_MISMATCH,90,MEDICALLY_UNNECESSARY,False,95,"The claim for a total knee replacement (CPT 27447) is not justified by the diagnosis of stiffness of the right hip (ICD M25.361), indicating a medically unnecessary procedure. This mismatch between the diagnosis and procedure suggests a potential fraud pattern, as the treatment does not align with the patient's condition. The confirmed fraud pattern of medically unnecessary services supports this assessment.",ICD_CPT_MISMATCH | HIGH_RISK_PROCEDURE,REFER_TO_SIU,groq,0.92,
CLM-FWA-FHIR-35112,PAT-34931,65,U,1234567890,Dr. Sarah Johnson,Internal Medicine,TX,2024-03-12,36415,Venipuncture (should not appear with 36416),E11.9,Type 2 diabetes mellitus,30.0,1,Office,49.6,1,HIGH,"[{""rule"": ""ICD_CPT_MISMATCH"", ""severity"": ""HIGH"", ""detail"": ""ICD E11.9 (Type 2 diabetes mellitus) does not justify CPT 36415 (Venipuncture (should not appear with 36416))""}]",73.3,32.3,1.0,UNBUNDLING,90,UNBUNDLING,False,90,"The claim exhibits an unbundling pattern, where a venipuncture procedure (CPT 36415) is billed separately, potentially inappropriately, given the context of a diabetes follow-up visit. This procedure is often included in the evaluation and management (E&M) service and should not be billed separately, indicating a potential unbundling violation. The ICD_CPT_MISMATCH flag further supports this concern, as the diagnosis of Type 2 diabetes mellitus does not independently justify the billing of this procedure.",ICD_CPT_MISMATCH | Unbundling of included procedures,REFER_TO_SIU,groq,1.08,
CLM-FWA-FHIR-98039,PAT-94607,65,U,1234567891,Dr. Michael Chen,Family Practice,FL,2024-06-10,36415,Venipuncture for blood collection,Z00.00,General adult medical exam,18.0,1,Office,44.1,1,HIGH,"[{""rule"": ""ICD_CPT_MISMATCH"", ""severity"": ""HIGH"", ""detail"": ""ICD Z00.00 (General adult medical exam) does not justify CPT 36415 (Venipuncture for blood collection)""}]",0.0,30.0,1.0,MEDICALLY_UNNECESSARY,85,MEDICALLY_UNNECESSARY,False,90,"The claim for venipuncture (CPT 36415) is not justified by the diagnosis of a general adult medical exam (ICD Z00.00), indicating a medically unnecessary procedure. This pattern suggests that the provider may be billing for unnecessary services, which is a clear violation of medical necessity guidelines.",ICD_CPT_MISMATCH,REFER_TO_SIU,groq,7.29,
CLM-FWA-FHIR-76307,PAT-44760,65,U,1234567891,Dr. Michael Chen,Family Practice,FL,2024-02-05,36415,Venipuncture for blood collection,Z00.00,General adult medical exam,18.0,1,Office,44.1,1,HIGH,"[{""rule"": ""ICD_CPT_MISMATCH"", ""severity"": ""HIGH"", ""detail"": ""ICD Z00.00 (General adult medical exam) does not justify CPT 36415 (Venipuncture for blood collection)""}]",0.0,30.0,1.0,MEDICALLY_UNNECESSARY,85,MEDICALLY_UNNECESSARY,False,90,"The claim for venipuncture (CPT 36415) is not justified by the diagnosis code for a general adult medical exam (ICD Z00.00), indicating a medically unnecessary procedure. This pattern suggests that the provider may be billing for unnecessary services, which is a clear indication of fraud. The ICD_CPT_MISMATCH flag further supports this finding, highlighting the discrepancy between the billed procedure and the patient's diagnosis.",ICD_CPT_MISMATCH | Inconsistent billing patterns,REFER_TO_SIU,groq,6.01,
CLM-CLEAN-FHIR-19116,PAT-16006,65,U,1234567890,Dr. Sarah Johnson,Internal Medicine,TX,2024-02-10,99232,"Inpatient hospital care, subsequent",N39.0,Urinary tract infection,210.0,1,Inpatient Hospital,55.7,1,HIGH,"[{""rule"": ""ICD_CPT_MISMATCH"", ""severity"": ""HIGH"", ""detail"": ""ICD N39.0 (Urinary tract infection) does not justify CPT 99232 (Inpatient hospital care, subsequent)""}]",73.3,32.3,1.0,CLEAN,74,MEDICALLY_UNNECESSARY,False,80,"The ICD code N39.0 for urinary tract infection does not justify the use of CPT 99232 for inpatient hospital care, subsequent, as this level of care is typically reserved for more complex conditions. This mismatch suggests that the service may be medically unnecessary, indicating potential fraud.",ICD_CPT_MISMATCH,REVIEW,groq,0.71,
CLM-CLEAN-FHIR-50857,PAT-62296,65,U,1234567890,Dr. Sarah Johnson,Internal Medicine,TX,2024-09-21,71046,"Chest X-ray, 2 views",J18.9,"Pneumonia, unspecified",95.0,1,Outpatient Hospital,58.1,1,HIGH,"[{""rule"": ""ICD_CPT_MISMATCH"", ""severity"": ""HIGH"", ""detail"": ""ICD J18.9 (Pneumonia, unspecified) does not justify CPT 71046 (Chest X-ray, 2 views)""}]",73.3,32.3,1.0,CLEAN,58,MEDICALLY_UNNECESSARY,False,80,"The claim for a chest X-ray (CPT 71046) is not justified by the diagnosis of pneumonia, unspecified (ICD J18.9), as this imaging procedure is typically reserved for more severe or complicated cases. The rule engine finding of an ICD-CPT mismatch suggests that the service may not be medically necessary for this patient's condition.",ICD_CPT_MISMATCH,REVIEW,groq,1.06,
CLM-CLEAN-FHIR-55082,PAT-89131,65,U,1234567890,Dr. Sarah Johnson,Internal Medicine,TX,2024-10-01,71046,"Chest X-ray, 2 views",J18.9,"Pneumonia, unspecified",95.0,1,Outpatient Hospital,58.1,1,HIGH,"[{""rule"": ""ICD_CPT_MISMATCH"", ""severity"": ""HIGH"", ""detail"": ""ICD J18.9 (Pneumonia, unspecified) does not justify CPT 71046 (Chest X-ray, 2 views)""}]",73.3,32.3,1.0,CLEAN,58,MEDICALLY_UNNECESSARY,False,80,"The claim for a chest X-ray (CPT 71046) is not justified by the diagnosis of pneumonia, unspecified (ICD J18.9), as this imaging procedure is typically reserved for more severe or complicated cases. The rule engine finding of an ICD-CPT mismatch suggests that the service may not be medically necessary for this patient's condition.",ICD_CPT_MISMATCH,REVIEW,groq,0.77,
CLM-CLEAN-FHIR-66985,PAT-30730,65,U,1234567890,Dr. Sarah Johnson,Internal Medicine,TX,2024-09-13,99232,"Inpatient hospital care, subsequent",N39.0,Urinary tract infection,210.0,1,Inpatient Hospital,55.7,1,HIGH,"[{""rule"": ""ICD_CPT_MISMATCH"", ""severity"": ""HIGH"", ""detail"": ""ICD N39.0 (Urinary tract infection) does not justify CPT 99232 (Inpatient hospital care, subsequent)""}]",73.3,32.3,1.0,CLEAN,56,MEDICALLY_UNNECESSARY,False,80,"The claim for inpatient hospital care (CPT 99232) is not justified by the diagnosis of urinary tract infection (ICD N39.0), which can typically be managed on an outpatient basis. This mismatch between the ICD and CPT codes suggests a potential case of medically unnecessary billing. The high percentage of E&M visits billed as 99215 by the provider also raises concerns about potential upcoding.",ICD_CPT_MISMATCH | High complexity E&M billing rate,REVIEW,groq,0.84,
CLM-CLEAN-FHIR-25860,PAT-42493,65,U,1234567891,Dr. Michael Chen,Family Practice,FL,2024-01-11,36415,Venipuncture for blood collection,E11.9,Type 2 diabetes mellitus,18.0,1,Office,44.1,1,HIGH,"[{""rule"": ""ICD_CPT_MISMATCH"", ""severity"": ""HIGH"", ""detail"": ""ICD E11.9 (Type 2 diabetes mellitus) does not justify CPT 36415 (Venipuncture for blood collection)""}]",0.0,30.0,1.0,CLEAN,44,MEDICALLY_UNNECESSARY,True,80,"The ICD_CPT_MISMATCH flag indicates that the diagnosis of Type 2 diabetes mellitus does not justify the procedure of venipuncture for blood collection. However, routine venipuncture is a standard care procedure for diabetes follow-up, making this claim clinically defensible despite the rule engine finding.",ICD_CPT_MISMATCH,REVIEW,groq,6.81,
CLM-CLEAN-FHIR-10851,PAT-30926,65,U,1234567891,Dr. Michael Chen,Family Practice,FL,2024-05-22,36415,Venipuncture for blood collection,E11.9,Type 2 diabetes mellitus,18.0,1,Office,44.1,1,HIGH,"[{""rule"": ""ICD_CPT_MISMATCH"", ""severity"": ""HIGH"", ""detail"": ""ICD E11.9 (Type 2 diabetes mellitus) does not justify CPT 36415 (Venipuncture for blood collection)""}]",0.0,30.0,1.0,CLEAN,44,MEDICALLY_UNNECESSARY,True,80,"The ICD_CPT_MISMATCH flag indicates that the ICD code for Type 2 diabetes mellitus does not justify the CPT code for venipuncture, however, venipuncture is a standard procedure for managing diabetes. The clinical context suggests this may be a routine blood draw for diabetes management, which is a medically necessary procedure.",ICD_CPT_MISMATCH,REVIEW,groq,6.1,
CLM-CLEAN-FHIR-99353,PAT-80381,65,U,1234567891,Dr. Michael Chen,Family Practice,FL,2024-02-27,36415,Venipuncture for blood collection,E11.9,Type 2 diabetes mellitus,18.0,1,Office,44.1,1,HIGH,"[{""rule"": ""ICD_CPT_MISMATCH"", ""severity"": ""HIGH"", ""detail"": ""ICD E11.9 (Type 2 diabetes mellitus) does not justify CPT 36415 (Venipuncture for blood collection)""}]",0.0,30.0,1.0,CLEAN,44,MEDICALLY_UNNECESSARY,True,80,"The ICD_CPT_MISMATCH flag indicates that the ICD code for Type 2 diabetes mellitus does not justify the CPT code for venipuncture, however, routine venipuncture is a standard care procedure for diabetes follow-up. The clinical reason for this procedure is plausible, despite the rule engine flag.",ICD_CPT_MISMATCH,REVIEW,groq,5.94,
CLM-CLEAN-FHIR-23238,PAT-59823,65,U,1234567891,Dr. Michael Chen,Family Practice,FL,2024-03-24,36415,Venipuncture for blood collection,E11.9,Type 2 diabetes mellitus,18.0,1,Office,44.1,1,HIGH,"[{""rule"": ""ICD_CPT_MISMATCH"", ""severity"": ""HIGH"", ""detail"": ""ICD E11.9 (Type 2 diabetes mellitus) does not justify CPT 36415 (Venipuncture for blood collection)""}]",0.0,30.0,1.0,CLEAN,44,MEDICALLY_UNNECESSARY,True,80,"The claim shows an ICD_CPT_MISMATCH, with ICD E11.9 (Type 2 diabetes mellitus) not justifying CPT 36415 (Venipuncture for blood collection) as the primary reason for the visit. However, venipuncture is a common procedure for managing diabetes, suggesting this may be a minor or technical issue rather than outright fraud.",ICD_CPT_MISMATCH,REVIEW,groq,5.94,
