claim_id,patient_id,provider_npi,provider_name,provider_specialty,provider_state,payer_id,payer_name,plan_name,cpt_code,cpt_description,cpt_expected_specialty,icd_primary,icd_description,additional_cpt,billed_amount,date_of_service,place_of_service,pos_description,pos_source,claim_type,source_format,converted_at,raw_fhir_id,fraud_type,conversion_notes,fraud_label,patient_age,patient_gender,units,day_of_week,is_weekend,icd_cpt_compatible,cpt_benchmark_cost,cost_ratio_vs_benchmark,specialty_mismatch,provider_claim_count,provider_cpt_avg,specialty_cpt_avg,provider_vs_specialty_ratio,pct_99215,unique_patients,weekend_billing_rate,claim_hash,hash_duplicate_count,rule_flags,rule_flag_count,rule_flag_severity,anomaly_score_raw,anomaly_decision_score,ml_risk_score,composite_risk_score
CLM-CLEAN-FHIR-13905,PAT-22280,1234567890,Dr. Sarah Johnson,Internal Medicine,TX,PAYER002,Aetna,Medicare Advantage Gold,99215,"Office visit, high complexity",Internal Medicine,C34.11,Malignant neoplasm upper lobe lung,,225.0,2024-11-04,11,Office,layer1-fhir-location,professional,FHIR_R4_EOB,2026-03-13 21:08:17,CLM-CLEAN-FHIR-13905,,clean,CLEAN,65,U,1,0,0,0,175,1.286,0,31,225.0,225.0,1.0,73.3,26,32.3,137f29ffe6b0,1,"[{""rule"": ""ICD_CPT_MISMATCH"", ""severity"": ""HIGH"", ""detail"": ""ICD C34.11 (Malignant neoplasm upper lobe lung) does not justify CPT 99215 (Office visit, high complexity)""}]",1,HIGH,1,0.18171414137828446,0.0,35.0
CLM-CLEAN-FHIR-10851,PAT-30926,1234567891,Dr. Michael Chen,Family Practice,FL,PAYER004,Humana,Medicare Advantage PPO,36415,Venipuncture for blood collection,Family Practice,E11.9,Type 2 diabetes mellitus,,18.0,2024-05-22,11,Office,layer1-fhir-location,professional,FHIR_R4_EOB,2026-03-13 21:08:17,CLM-CLEAN-FHIR-10851,,clean,CLEAN,65,U,1,2,0,0,12,1.5,0,10,18.0,18.0,1.0,0.0,10,30.0,fe28c177058d,1,"[{""rule"": ""ICD_CPT_MISMATCH"", ""severity"": ""HIGH"", ""detail"": ""ICD E11.9 (Type 2 diabetes mellitus) does not justify CPT 36415 (Venipuncture for blood collection)""}]",1,HIGH,1,0.12271469757442399,18.2,44.1
CLM-CLEAN-FHIR-55082,PAT-89131,1234567890,Dr. Sarah Johnson,Internal Medicine,TX,PAYER001,BlueCross BlueShield,Medicare Advantage Plan A,71046,"Chest X-ray, 2 views",Internal Medicine,J18.9,"Pneumonia, unspecified",,95.0,2024-10-01,22,Outpatient Hospital,layer1-fhir-location,professional,FHIR_R4_EOB,2026-03-13 21:08:17,CLM-CLEAN-FHIR-55082,,clean,CLEAN,65,U,1,1,0,0,100,0.95,0,31,95.0,95.0,1.0,73.3,26,32.3,efb15b331684,1,"[{""rule"": ""ICD_CPT_MISMATCH"", ""severity"": ""HIGH"", ""detail"": ""ICD J18.9 (Pneumonia, unspecified) does not justify CPT 71046 (Chest X-ray, 2 views)""}]",1,HIGH,1,0.03186337548588636,46.2,58.1
CLM-CLEAN-FHIR-19116,PAT-16006,1234567890,Dr. Sarah Johnson,Internal Medicine,TX,PAYER002,Aetna,Medicare Advantage Gold,99232,"Inpatient hospital care, subsequent",Internal Medicine,N39.0,Urinary tract infection,,210.0,2024-02-10,21,Inpatient Hospital,layer1-fhir-location,professional,FHIR_R4_EOB,2026-03-13 21:08:17,CLM-CLEAN-FHIR-19116,,clean,CLEAN,65,U,1,5,1,0,100,2.1,0,31,210.0,210.0,1.0,73.3,26,32.3,babc7220bcf9,1,"[{""rule"": ""ICD_CPT_MISMATCH"", ""severity"": ""HIGH"", ""detail"": ""ICD N39.0 (Urinary tract infection) does not justify CPT 99232 (Inpatient hospital care, subsequent)""}]",1,HIGH,1,0.04738524640343633,41.4,55.7
CLM-CLEAN-FHIR-23238,PAT-59823,1234567891,Dr. Michael Chen,Family Practice,FL,PAYER004,Humana,Medicare Advantage PPO,36415,Venipuncture for blood collection,Family Practice,E11.9,Type 2 diabetes mellitus,,18.0,2024-03-24,11,Office,layer1-fhir-location,professional,FHIR_R4_EOB,2026-03-13 21:08:17,CLM-CLEAN-FHIR-23238,,clean,CLEAN,65,U,1,6,1,0,12,1.5,0,10,18.0,18.0,1.0,0.0,10,30.0,678fc02442ed,1,"[{""rule"": ""ICD_CPT_MISMATCH"", ""severity"": ""HIGH"", ""detail"": ""ICD E11.9 (Type 2 diabetes mellitus) does not justify CPT 36415 (Venipuncture for blood collection)""}]",1,HIGH,1,0.12271469757442399,18.2,44.1
CLM-CLEAN-FHIR-60019,PAT-88104,1234567890,Dr. Sarah Johnson,Internal Medicine,TX,PAYER003,UnitedHealthcare,AARP Medicare Complete,99215,"Office visit, high complexity",Internal Medicine,C34.11,Malignant neoplasm upper lobe lung,,225.0,2024-01-06,11,Office,layer1-fhir-location,professional,FHIR_R4_EOB,2026-03-13 21:08:17,CLM-CLEAN-FHIR-60019,,clean,CLEAN,65,U,1,5,1,0,175,1.286,0,31,225.0,225.0,1.0,73.3,26,32.3,72d62a97afc4,1,"[{""rule"": ""ICD_CPT_MISMATCH"", ""severity"": ""HIGH"", ""detail"": ""ICD C34.11 (Malignant neoplasm upper lobe lung) does not justify CPT 99215 (Office visit, high complexity)""}]",1,HIGH,1,0.18171414137828446,0.0,35.0
CLM-CLEAN-FHIR-99353,PAT-80381,1234567891,Dr. Michael Chen,Family Practice,FL,PAYER003,UnitedHealthcare,AARP Medicare Complete,36415,Venipuncture for blood collection,Family Practice,E11.9,Type 2 diabetes mellitus,,18.0,2024-02-27,11,Office,layer1-fhir-location,professional,FHIR_R4_EOB,2026-03-13 21:08:17,CLM-CLEAN-FHIR-99353,,clean,CLEAN,65,U,1,1,0,0,12,1.5,0,10,18.0,18.0,1.0,0.0,10,30.0,a306d979c3f8,1,"[{""rule"": ""ICD_CPT_MISMATCH"", ""severity"": ""HIGH"", ""detail"": ""ICD E11.9 (Type 2 diabetes mellitus) does not justify CPT 36415 (Venipuncture for blood collection)""}]",1,HIGH,1,0.12271469757442399,18.2,44.1
CLM-CLEAN-FHIR-66985,PAT-30730,1234567890,Dr. Sarah Johnson,Internal Medicine,TX,PAYER001,BlueCross BlueShield,Medicare Advantage Plan A,99232,"Inpatient hospital care, subsequent",Internal Medicine,N39.0,Urinary tract infection,,210.0,2024-09-13,21,Inpatient Hospital,layer1-fhir-location,professional,FHIR_R4_EOB,2026-03-13 21:08:17,CLM-CLEAN-FHIR-66985,,clean,CLEAN,65,U,1,4,0,0,100,2.1,0,31,210.0,210.0,1.0,73.3,26,32.3,8c2b25e2c8c1,1,"[{""rule"": ""ICD_CPT_MISMATCH"", ""severity"": ""HIGH"", ""detail"": ""ICD N39.0 (Urinary tract infection) does not justify CPT 99232 (Inpatient hospital care, subsequent)""}]",1,HIGH,1,0.04738524640343633,41.4,55.7
CLM-CLEAN-FHIR-76542,PAT-23947,1234567890,Dr. Sarah Johnson,Internal Medicine,TX,PAYER003,UnitedHealthcare,AARP Medicare Complete,99215,"Office visit, high complexity",Internal Medicine,C34.11,Malignant neoplasm upper lobe lung,,225.0,2024-11-07,11,Office,layer1-fhir-location,professional,FHIR_R4_EOB,2026-03-13 21:08:17,CLM-CLEAN-FHIR-76542,,clean,CLEAN,65,U,1,3,0,0,175,1.286,0,31,225.0,225.0,1.0,73.3,26,32.3,464a379e0e68,1,"[{""rule"": ""ICD_CPT_MISMATCH"", ""severity"": ""HIGH"", ""detail"": ""ICD C34.11 (Malignant neoplasm upper lobe lung) does not justify CPT 99215 (Office visit, high complexity)""}]",1,HIGH,1,0.18171414137828446,0.0,35.0
CLM-CLEAN-FHIR-30032,PAT-59009,1234567890,Dr. Sarah Johnson,Internal Medicine,TX,PAYER002,Aetna,Medicare Advantage Gold,99215,"Office visit, high complexity",Internal Medicine,C34.11,Malignant neoplasm upper lobe lung,,225.0,2024-09-28,11,Office,layer1-fhir-location,professional,FHIR_R4_EOB,2026-03-13 21:08:17,CLM-CLEAN-FHIR-30032,,clean,CLEAN,65,U,1,5,1,0,175,1.286,0,31,225.0,225.0,1.0,73.3,26,32.3,e64055152d04,1,"[{""rule"": ""ICD_CPT_MISMATCH"", ""severity"": ""HIGH"", ""detail"": ""ICD C34.11 (Malignant neoplasm upper lobe lung) does not justify CPT 99215 (Office visit, high complexity)""}]",1,HIGH,1,0.18171414137828446,0.0,35.0
CLM-CLEAN-FHIR-79822,PAT-26483,1234567890,Dr. Sarah Johnson,Internal Medicine,TX,PAYER004,Humana,Medicare Advantage PPO,99215,"Office visit, high complexity",Internal Medicine,C34.11,Malignant neoplasm upper lobe lung,,225.0,2024-03-25,11,Office,layer1-fhir-location,professional,FHIR_R4_EOB,2026-03-13 21:08:17,CLM-CLEAN-FHIR-79822,,clean,CLEAN,65,U,1,0,0,0,175,1.286,0,31,225.0,225.0,1.0,73.3,26,32.3,35a9e066bd39,1,"[{""rule"": ""ICD_CPT_MISMATCH"", ""severity"": ""HIGH"", ""detail"": ""ICD C34.11 (Malignant neoplasm upper lobe lung) does not justify CPT 99215 (Office visit, high complexity)""}]",1,HIGH,1,0.18171414137828446,0.0,35.0
CLM-CLEAN-FHIR-79163,PAT-89507,1234567890,Dr. Sarah Johnson,Internal Medicine,TX,PAYER002,Aetna,Medicare Advantage Gold,99215,"Office visit, high complexity",Internal Medicine,C34.11,Malignant neoplasm upper lobe lung,,225.0,2024-12-19,11,Office,layer1-fhir-location,professional,FHIR_R4_EOB,2026-03-13 21:08:17,CLM-CLEAN-FHIR-79163,,clean,CLEAN,65,U,1,3,0,0,175,1.286,0,31,225.0,225.0,1.0,73.3,26,32.3,444b6348cf76,1,"[{""rule"": ""ICD_CPT_MISMATCH"", ""severity"": ""HIGH"", ""detail"": ""ICD C34.11 (Malignant neoplasm upper lobe lung) does not justify CPT 99215 (Office visit, high complexity)""}]",1,HIGH,1,0.18171414137828446,0.0,35.0
CLM-CLEAN-FHIR-50857,PAT-62296,1234567890,Dr. Sarah Johnson,Internal Medicine,TX,PAYER003,UnitedHealthcare,AARP Medicare Complete,71046,"Chest X-ray, 2 views",Internal Medicine,J18.9,"Pneumonia, unspecified",,95.0,2024-09-21,22,Outpatient Hospital,layer1-fhir-location,professional,FHIR_R4_EOB,2026-03-13 21:08:17,CLM-CLEAN-FHIR-50857,,clean,CLEAN,65,U,1,5,1,0,100,0.95,0,31,95.0,95.0,1.0,73.3,26,32.3,a5c652333736,1,"[{""rule"": ""ICD_CPT_MISMATCH"", ""severity"": ""HIGH"", ""detail"": ""ICD J18.9 (Pneumonia, unspecified) does not justify CPT 71046 (Chest X-ray, 2 views)""}]",1,HIGH,1,0.03186337548588636,46.2,58.1
CLM-CLEAN-FHIR-25860,PAT-42493,1234567891,Dr. Michael Chen,Family Practice,FL,PAYER001,BlueCross BlueShield,Medicare Advantage Plan A,36415,Venipuncture for blood collection,Family Practice,E11.9,Type 2 diabetes mellitus,,18.0,2024-01-11,11,Office,layer1-fhir-location,professional,FHIR_R4_EOB,2026-03-13 21:08:17,CLM-CLEAN-FHIR-25860,,clean,CLEAN,65,U,1,3,0,0,12,1.5,0,10,18.0,18.0,1.0,0.0,10,30.0,360c80446a00,1,"[{""rule"": ""ICD_CPT_MISMATCH"", ""severity"": ""HIGH"", ""detail"": ""ICD E11.9 (Type 2 diabetes mellitus) does not justify CPT 36415 (Venipuncture for blood collection)""}]",1,HIGH,1,0.12271469757442399,18.2,44.1
CLM-FWA-FHIR-14117,PAT-53309,1234567890,Dr. Sarah Johnson,Internal Medicine,TX,PAYER002,Aetna,Medicare Advantage Gold,99215,"Office visit, high complexity (UPCODED)",Internal Medicine,J06.9,Acute upper respiratory infection,,225.0,2024-05-22,11,Office,layer1-fhir-location,professional,FHIR_R4_EOB,2026-03-13 21:08:17,CLM-FWA-FHIR-14117,UPCODING,clean,UPCODING,65,U,1,2,0,0,175,1.286,0,31,225.0,225.0,1.0,73.3,26,32.3,424e3cd51238,1,"[{""rule"": ""ICD_CPT_MISMATCH"", ""severity"": ""HIGH"", ""detail"": ""ICD J06.9 (Acute upper respiratory infection) does not justify CPT 99215 (Office visit, high complexity (UPCODED))""}]",1,HIGH,1,0.18171414137828446,0.0,35.0
CLM-FWA-FHIR-38080,PAT-80678,1234567890,Dr. Sarah Johnson,Internal Medicine,TX,PAYER004,Humana,Medicare Advantage PPO,99215,"Office visit, high complexity (UPCODED)",Internal Medicine,J06.9,Acute upper respiratory infection,,225.0,2024-05-04,11,Office,layer1-fhir-location,professional,FHIR_R4_EOB,2026-03-13 21:08:17,CLM-FWA-FHIR-38080,UPCODING,clean,UPCODING,65,U,1,5,1,0,175,1.286,0,31,225.0,225.0,1.0,73.3,26,32.3,816232a4b7e2,1,"[{""rule"": ""ICD_CPT_MISMATCH"", ""severity"": ""HIGH"", ""detail"": ""ICD J06.9 (Acute upper respiratory infection) does not justify CPT 99215 (Office visit, high complexity (UPCODED))""}]",1,HIGH,1,0.18171414137828446,0.0,35.0
CLM-FWA-FHIR-63354,PAT-34957,1234567890,Dr. Sarah Johnson,Internal Medicine,TX,PAYER001,BlueCross BlueShield,Medicare Advantage Plan A,99215,"Office visit, high complexity (UPCODED)",Internal Medicine,J06.9,Acute upper respiratory infection,,225.0,2024-12-03,11,Office,layer1-fhir-location,professional,FHIR_R4_EOB,2026-03-13 21:08:17,CLM-FWA-FHIR-63354,UPCODING,clean,UPCODING,65,U,1,1,0,0,175,1.286,0,31,225.0,225.0,1.0,73.3,26,32.3,923fb1b603ba,1,"[{""rule"": ""ICD_CPT_MISMATCH"", ""severity"": ""HIGH"", ""detail"": ""ICD J06.9 (Acute upper respiratory infection) does not justify CPT 99215 (Office visit, high complexity (UPCODED))""}]",1,HIGH,1,0.18171414137828446,0.0,35.0
CLM-FWA-FHIR-56438,PAT-65519,1234567890,Dr. Sarah Johnson,Internal Medicine,TX,PAYER004,Humana,Medicare Advantage PPO,99215,"Office visit, high complexity (UPCODED)",Internal Medicine,J06.9,Acute upper respiratory infection,,225.0,2024-01-28,11,Office,layer1-fhir-location,professional,FHIR_R4_EOB,2026-03-13 21:08:17,CLM-FWA-FHIR-56438,UPCODING,clean,UPCODING,65,U,1,6,1,0,175,1.286,0,31,225.0,225.0,1.0,73.3,26,32.3,1c3330cb10f1,1,"[{""rule"": ""ICD_CPT_MISMATCH"", ""severity"": ""HIGH"", ""detail"": ""ICD J06.9 (Acute upper respiratory infection) does not justify CPT 99215 (Office visit, high complexity (UPCODED))""}]",1,HIGH,1,0.18171414137828446,0.0,35.0
CLM-FWA-FHIR-17944,PAT-62772,1234567890,Dr. Sarah Johnson,Internal Medicine,TX,PAYER003,UnitedHealthcare,AARP Medicare Complete,99215,"Office visit, high complexity (UPCODED)",Internal Medicine,J06.9,Acute upper respiratory infection,,225.0,2024-02-25,11,Office,layer1-fhir-location,professional,FHIR_R4_EOB,2026-03-13 21:08:17,CLM-FWA-FHIR-17944,UPCODING,clean,UPCODING,65,U,1,6,1,0,175,1.286,0,31,225.0,225.0,1.0,73.3,26,32.3,11062d17abaa,1,"[{""rule"": ""ICD_CPT_MISMATCH"", ""severity"": ""HIGH"", ""detail"": ""ICD J06.9 (Acute upper respiratory infection) does not justify CPT 99215 (Office visit, high complexity (UPCODED))""}]",1,HIGH,1,0.18171414137828446,0.0,35.0
CLM-FWA-FHIR-35112,PAT-34931,1234567890,Dr. Sarah Johnson,Internal Medicine,TX,PAYER004,Humana,Medicare Advantage PPO,36415,Venipuncture (should not appear with 36416),Internal Medicine,E11.9,Type 2 diabetes mellitus,36416.0,30.0,2024-03-12,11,Office,layer1-fhir-location,professional,FHIR_R4_EOB,2026-03-13 21:08:17,CLM-FWA-FHIR-35112,UNBUNDLING,additional CPTs: 36416,UNBUNDLING,65,U,1,1,0,0,12,2.5,0,31,30.0,30.0,1.0,73.3,26,32.3,12dfde4e041b,1,"[{""rule"": ""ICD_CPT_MISMATCH"", ""severity"": ""HIGH"", ""detail"": ""ICD E11.9 (Type 2 diabetes mellitus) does not justify CPT 36415 (Venipuncture (should not appear with 36416))""}]",1,HIGH,1,0.0870841305103851,29.2,49.6
CLM-FWA-FHIR-34050,PAT-46509,1234567890,Dr. Sarah Johnson,Internal Medicine,TX,PAYER002,Aetna,Medicare Advantage Gold,36415,Venipuncture (should not appear with 36416),Internal Medicine,E11.9,Type 2 diabetes mellitus,36416.0,30.0,2024-02-08,11,Office,layer1-fhir-location,professional,FHIR_R4_EOB,2026-03-13 21:08:17,CLM-FWA-FHIR-34050,UNBUNDLING,additional CPTs: 36416,UNBUNDLING,65,U,1,3,0,0,12,2.5,0,31,30.0,30.0,1.0,73.3,26,32.3,4a2200e41f0a,1,"[{""rule"": ""ICD_CPT_MISMATCH"", ""severity"": ""HIGH"", ""detail"": ""ICD E11.9 (Type 2 diabetes mellitus) does not justify CPT 36415 (Venipuncture (should not appear with 36416))""}]",1,HIGH,1,0.0870841305103851,29.2,49.6
CLM-FWA-FHIR-82132,PAT-22833,1234567890,Dr. Sarah Johnson,Internal Medicine,TX,PAYER001,BlueCross BlueShield,Medicare Advantage Plan A,36415,Venipuncture (should not appear with 36416),Internal Medicine,E11.9,Type 2 diabetes mellitus,36416.0,30.0,2024-02-17,11,Office,layer1-fhir-location,professional,FHIR_R4_EOB,2026-03-13 21:08:17,CLM-FWA-FHIR-82132,UNBUNDLING,additional CPTs: 36416,UNBUNDLING,65,U,1,5,1,0,12,2.5,0,31,30.0,30.0,1.0,73.3,26,32.3,d7dc887d5e23,1,"[{""rule"": ""ICD_CPT_MISMATCH"", ""severity"": ""HIGH"", ""detail"": ""ICD E11.9 (Type 2 diabetes mellitus) does not justify CPT 36415 (Venipuncture (should not appear with 36416))""}]",1,HIGH,1,0.0870841305103851,29.2,49.6
CLM-FWA-FHIR-31798,PAT-63269,1234567890,Dr. Sarah Johnson,Internal Medicine,TX,PAYER004,Humana,Medicare Advantage PPO,36415,Venipuncture (should not appear with 36416),Internal Medicine,E11.9,Type 2 diabetes mellitus,36416.0,30.0,2024-04-19,11,Office,layer1-fhir-location,professional,FHIR_R4_EOB,2026-03-13 21:08:17,CLM-FWA-FHIR-31798,UNBUNDLING,additional CPTs: 36416,UNBUNDLING,65,U,1,4,0,0,12,2.5,0,31,30.0,30.0,1.0,73.3,26,32.3,78212a24f2c7,1,"[{""rule"": ""ICD_CPT_MISMATCH"", ""severity"": ""HIGH"", ""detail"": ""ICD E11.9 (Type 2 diabetes mellitus) does not justify CPT 36415 (Venipuncture (should not appear with 36416))""}]",1,HIGH,1,0.0870841305103851,29.2,49.6
CLM-FWA-FHIR-17685,PAT-31579,1234567890,Dr. Sarah Johnson,Internal Medicine,TX,PAYER001,BlueCross BlueShield,Medicare Advantage Plan A,36415,Venipuncture (should not appear with 36416),Internal Medicine,E11.9,Type 2 diabetes mellitus,36416.0,30.0,2024-07-18,11,Office,layer1-fhir-location,professional,FHIR_R4_EOB,2026-03-13 21:08:17,CLM-FWA-FHIR-17685,UNBUNDLING,additional CPTs: 36416,UNBUNDLING,65,U,1,3,0,0,12,2.5,0,31,30.0,30.0,1.0,73.3,26,32.3,b4b094bf5441,1,"[{""rule"": ""ICD_CPT_MISMATCH"", ""severity"": ""HIGH"", ""detail"": ""ICD E11.9 (Type 2 diabetes mellitus) does not justify CPT 36415 (Venipuncture (should not appear with 36416))""}]",1,HIGH,1,0.0870841305103851,29.2,49.6
CLM-FWA-FHIR-69638,PAT-47388,1234567892,Dr. Patricia Moore,Orthopedic Surgery,CA,PAYER004,Humana,Medicare Advantage PPO,27447,Total knee replacement,Orthopedic Surgery,M25.361,Stiffness of right hip (wrong body part),,12500.0,2024-03-20,21,Inpatient Hospital,layer1-fhir-location,professional,FHIR_R4_EOB,2026-03-13 21:08:17,CLM-FWA-FHIR-69638,ICD_CPT_MISMATCH,clean,ICD_CPT_MISMATCH,65,U,1,2,0,0,8500,1.471,0,8,12500.0,12500.0,1.0,0.0,8,25.0,8f9e0cf6afde,1,"[{""rule"": ""ICD_CPT_MISMATCH"", ""severity"": ""HIGH"", ""detail"": ""ICD M25.361 (Stiffness of right hip (wrong body part)) does not justify CPT 27447 (Total knee replacement)""}]",1,HIGH,1,0.06118682111009133,37.2,53.6
CLM-FWA-FHIR-48890,PAT-38534,1234567892,Dr. Patricia Moore,Orthopedic Surgery,CA,PAYER001,BlueCross BlueShield,Medicare Advantage Plan A,27447,Total knee replacement,Orthopedic Surgery,M25.361,Stiffness of right hip (wrong body part),,12500.0,2024-06-09,21,Inpatient Hospital,layer1-fhir-location,professional,FHIR_R4_EOB,2026-03-13 21:08:17,CLM-FWA-FHIR-48890,ICD_CPT_MISMATCH,clean,ICD_CPT_MISMATCH,65,U,1,6,1,0,8500,1.471,0,8,12500.0,12500.0,1.0,0.0,8,25.0,711b6601568c,1,"[{""rule"": ""ICD_CPT_MISMATCH"", ""severity"": ""HIGH"", ""detail"": ""ICD M25.361 (Stiffness of right hip (wrong body part)) does not justify CPT 27447 (Total knee replacement)""}]",1,HIGH,1,0.06118682111009133,37.2,53.6
CLM-FWA-FHIR-16572,PAT-86569,1234567892,Dr. Patricia Moore,Orthopedic Surgery,CA,PAYER002,Aetna,Medicare Advantage Gold,27447,Total knee replacement,Orthopedic Surgery,M25.361,Stiffness of right hip (wrong body part),,12500.0,2024-01-30,21,Inpatient Hospital,layer1-fhir-location,professional,FHIR_R4_EOB,2026-03-13 21:08:17,CLM-FWA-FHIR-16572,ICD_CPT_MISMATCH,clean,ICD_CPT_MISMATCH,65,U,1,1,0,0,8500,1.471,0,8,12500.0,12500.0,1.0,0.0,8,25.0,781200bb9c48,1,"[{""rule"": ""ICD_CPT_MISMATCH"", ""severity"": ""HIGH"", ""detail"": ""ICD M25.361 (Stiffness of right hip (wrong body part)) does not justify CPT 27447 (Total knee replacement)""}]",1,HIGH,1,0.06118682111009133,37.2,53.6
CLM-FWA-FHIR-34356,PAT-18981,1234567892,Dr. Patricia Moore,Orthopedic Surgery,CA,PAYER001,BlueCross BlueShield,Medicare Advantage Plan A,27447,Total knee replacement,Orthopedic Surgery,M25.361,Stiffness of right hip (wrong body part),,12500.0,2024-12-11,21,Inpatient Hospital,layer1-fhir-location,professional,FHIR_R4_EOB,2026-03-13 21:08:17,CLM-FWA-FHIR-34356,ICD_CPT_MISMATCH,clean,ICD_CPT_MISMATCH,65,U,1,2,0,0,8500,1.471,0,8,12500.0,12500.0,1.0,0.0,8,25.0,b5cd85012a3e,1,"[{""rule"": ""ICD_CPT_MISMATCH"", ""severity"": ""HIGH"", ""detail"": ""ICD M25.361 (Stiffness of right hip (wrong body part)) does not justify CPT 27447 (Total knee replacement)""}]",1,HIGH,1,0.06118682111009133,37.2,53.6
CLM-FWA-FHIR-62923,PAT-25713,1234567892,Dr. Patricia Moore,Orthopedic Surgery,CA,PAYER002,Aetna,Medicare Advantage Gold,27447,Total knee replacement,Orthopedic Surgery,M25.361,Stiffness of right hip (wrong body part),,12500.0,2024-10-23,21,Inpatient Hospital,layer1-fhir-location,professional,FHIR_R4_EOB,2026-03-13 21:08:17,CLM-FWA-FHIR-62923,ICD_CPT_MISMATCH,clean,ICD_CPT_MISMATCH,65,U,1,2,0,0,8500,1.471,0,8,12500.0,12500.0,1.0,0.0,8,25.0,87dbf84fdeea,1,"[{""rule"": ""ICD_CPT_MISMATCH"", ""severity"": ""HIGH"", ""detail"": ""ICD M25.361 (Stiffness of right hip (wrong body part)) does not justify CPT 27447 (Total knee replacement)""}]",1,HIGH,1,0.06118682111009133,37.2,53.6
CLM-FWA-FHIR-91183,PAT-20745,1234567891,Dr. Michael Chen,Family Practice,FL,PAYER003,UnitedHealthcare,AARP Medicare Complete,36415,Venipuncture for blood collection,Family Practice,Z00.00,General adult medical exam,,18.0,2024-05-13,11,Office,layer1-fhir-location,professional,FHIR_R4_EOB,2026-03-13 21:08:17,CLM-FWA-FHIR-91183,MEDICALLY_UNNECESSARY,clean,MEDICALLY_UNNECESSARY,65,U,1,0,0,0,12,1.5,0,10,18.0,18.0,1.0,0.0,10,30.0,653afe641527,1,"[{""rule"": ""ICD_CPT_MISMATCH"", ""severity"": ""HIGH"", ""detail"": ""ICD Z00.00 (General adult medical exam) does not justify CPT 36415 (Venipuncture for blood collection)""}]",1,HIGH,1,0.12271469757442399,18.2,44.1
CLM-FWA-FHIR-97782,PAT-51180,1234567891,Dr. Michael Chen,Family Practice,FL,PAYER003,UnitedHealthcare,AARP Medicare Complete,36415,Venipuncture for blood collection,Family Practice,Z00.00,General adult medical exam,,18.0,2024-07-21,11,Office,layer1-fhir-location,professional,FHIR_R4_EOB,2026-03-13 21:08:17,CLM-FWA-FHIR-97782,MEDICALLY_UNNECESSARY,clean,MEDICALLY_UNNECESSARY,65,U,1,6,1,0,12,1.5,0,10,18.0,18.0,1.0,0.0,10,30.0,72585ac3a220,1,"[{""rule"": ""ICD_CPT_MISMATCH"", ""severity"": ""HIGH"", ""detail"": ""ICD Z00.00 (General adult medical exam) does not justify CPT 36415 (Venipuncture for blood collection)""}]",1,HIGH,1,0.12271469757442399,18.2,44.1
CLM-FWA-FHIR-98039,PAT-94607,1234567891,Dr. Michael Chen,Family Practice,FL,PAYER004,Humana,Medicare Advantage PPO,36415,Venipuncture for blood collection,Family Practice,Z00.00,General adult medical exam,,18.0,2024-06-10,11,Office,layer1-fhir-location,professional,FHIR_R4_EOB,2026-03-13 21:08:17,CLM-FWA-FHIR-98039,MEDICALLY_UNNECESSARY,clean,MEDICALLY_UNNECESSARY,65,U,1,0,0,0,12,1.5,0,10,18.0,18.0,1.0,0.0,10,30.0,285877adb3b8,1,"[{""rule"": ""ICD_CPT_MISMATCH"", ""severity"": ""HIGH"", ""detail"": ""ICD Z00.00 (General adult medical exam) does not justify CPT 36415 (Venipuncture for blood collection)""}]",1,HIGH,1,0.12271469757442399,18.2,44.1
CLM-FWA-FHIR-11220,PAT-70068,1234567891,Dr. Michael Chen,Family Practice,FL,PAYER001,BlueCross BlueShield,Medicare Advantage Plan A,36415,Venipuncture for blood collection,Family Practice,Z00.00,General adult medical exam,,18.0,2024-02-07,11,Office,layer1-fhir-location,professional,FHIR_R4_EOB,2026-03-13 21:08:17,CLM-FWA-FHIR-11220,MEDICALLY_UNNECESSARY,clean,MEDICALLY_UNNECESSARY,65,U,1,2,0,0,12,1.5,0,10,18.0,18.0,1.0,0.0,10,30.0,da7d33392bb9,1,"[{""rule"": ""ICD_CPT_MISMATCH"", ""severity"": ""HIGH"", ""detail"": ""ICD Z00.00 (General adult medical exam) does not justify CPT 36415 (Venipuncture for blood collection)""}]",1,HIGH,1,0.12271469757442399,18.2,44.1
CLM-FWA-FHIR-76307,PAT-44760,1234567891,Dr. Michael Chen,Family Practice,FL,PAYER003,UnitedHealthcare,AARP Medicare Complete,36415,Venipuncture for blood collection,Family Practice,Z00.00,General adult medical exam,,18.0,2024-02-05,11,Office,layer1-fhir-location,professional,FHIR_R4_EOB,2026-03-13 21:08:17,CLM-FWA-FHIR-76307,MEDICALLY_UNNECESSARY,clean,MEDICALLY_UNNECESSARY,65,U,1,0,0,0,12,1.5,0,10,18.0,18.0,1.0,0.0,10,30.0,814dca10d094,1,"[{""rule"": ""ICD_CPT_MISMATCH"", ""severity"": ""HIGH"", ""detail"": ""ICD Z00.00 (General adult medical exam) does not justify CPT 36415 (Venipuncture for blood collection)""}]",1,HIGH,1,0.12271469757442399,18.2,44.1
CLM-FWA-FHIR-35112-B,PAT-34931,1234567890,Dr. Sarah Johnson,Internal Medicine,TX,PAYER004,Humana,Medicare Advantage PPO,36416,Bundled code (NCCI expansion),Internal Medicine,E11.9,Type 2 diabetes mellitus,,30.0,2024-03-12,11,Office,layer1-fhir-location,professional,FHIR_R4_EOB,2026-03-13 21:08:17,CLM-FWA-FHIR-35112,UNBUNDLING,additional CPTs: 36416,UNBUNDLING,65,U,1,1,0,0,8,3.75,0,31,30.0,30.0,1.0,73.3,26,32.3,ff20ae0a1d27,1,"[{""rule"": ""ICD_CPT_MISMATCH"", ""severity"": ""HIGH"", ""detail"": ""ICD E11.9 (Type 2 diabetes mellitus) does not justify CPT 36416 (Bundled code (NCCI expansion))""}, {""rule"": ""NCCI_UNBUNDLING"", ""severity"": ""HIGH"", ""detail"": ""CPT 36416 is bundled into CPT 36415 per NCCI edits. Cannot bill separately.""}, {""rule"": ""COST_OUTLIER"", ""severity"": ""MEDIUM"", ""detail"": ""Billed $30.00 vs CPT benchmark $8.00 (3.8x). Significant overbilling.""}]",3,HIGH,-1,-0.0013732899850010805,56.5,93.2
CLM-FWA-FHIR-34050-B,PAT-46509,1234567890,Dr. Sarah Johnson,Internal Medicine,TX,PAYER002,Aetna,Medicare Advantage Gold,36416,Bundled code (NCCI expansion),Internal Medicine,E11.9,Type 2 diabetes mellitus,,30.0,2024-02-08,11,Office,layer1-fhir-location,professional,FHIR_R4_EOB,2026-03-13 21:08:17,CLM-FWA-FHIR-34050,UNBUNDLING,additional CPTs: 36416,UNBUNDLING,65,U,1,3,0,0,8,3.75,0,31,30.0,30.0,1.0,73.3,26,32.3,21017fe5ef54,1,"[{""rule"": ""ICD_CPT_MISMATCH"", ""severity"": ""HIGH"", ""detail"": ""ICD E11.9 (Type 2 diabetes mellitus) does not justify CPT 36416 (Bundled code (NCCI expansion))""}, {""rule"": ""NCCI_UNBUNDLING"", ""severity"": ""HIGH"", ""detail"": ""CPT 36416 is bundled into CPT 36415 per NCCI edits. Cannot bill separately.""}, {""rule"": ""COST_OUTLIER"", ""severity"": ""MEDIUM"", ""detail"": ""Billed $30.00 vs CPT benchmark $8.00 (3.8x). Significant overbilling.""}]",3,HIGH,-1,-0.0013732899850010805,56.5,93.2
CLM-FWA-FHIR-82132-B,PAT-22833,1234567890,Dr. Sarah Johnson,Internal Medicine,TX,PAYER001,BlueCross BlueShield,Medicare Advantage Plan A,36416,Bundled code (NCCI expansion),Internal Medicine,E11.9,Type 2 diabetes mellitus,,30.0,2024-02-17,11,Office,layer1-fhir-location,professional,FHIR_R4_EOB,2026-03-13 21:08:17,CLM-FWA-FHIR-82132,UNBUNDLING,additional CPTs: 36416,UNBUNDLING,65,U,1,5,1,0,8,3.75,0,31,30.0,30.0,1.0,73.3,26,32.3,3095b48f1a7c,1,"[{""rule"": ""ICD_CPT_MISMATCH"", ""severity"": ""HIGH"", ""detail"": ""ICD E11.9 (Type 2 diabetes mellitus) does not justify CPT 36416 (Bundled code (NCCI expansion))""}, {""rule"": ""NCCI_UNBUNDLING"", ""severity"": ""HIGH"", ""detail"": ""CPT 36416 is bundled into CPT 36415 per NCCI edits. Cannot bill separately.""}, {""rule"": ""COST_OUTLIER"", ""severity"": ""MEDIUM"", ""detail"": ""Billed $30.00 vs CPT benchmark $8.00 (3.8x). Significant overbilling.""}]",3,HIGH,-1,-0.0013732899850010805,56.5,93.2
CLM-FWA-FHIR-31798-B,PAT-63269,1234567890,Dr. Sarah Johnson,Internal Medicine,TX,PAYER004,Humana,Medicare Advantage PPO,36416,Bundled code (NCCI expansion),Internal Medicine,E11.9,Type 2 diabetes mellitus,,30.0,2024-04-19,11,Office,layer1-fhir-location,professional,FHIR_R4_EOB,2026-03-13 21:08:17,CLM-FWA-FHIR-31798,UNBUNDLING,additional CPTs: 36416,UNBUNDLING,65,U,1,4,0,0,8,3.75,0,31,30.0,30.0,1.0,73.3,26,32.3,9856271fb193,1,"[{""rule"": ""ICD_CPT_MISMATCH"", ""severity"": ""HIGH"", ""detail"": ""ICD E11.9 (Type 2 diabetes mellitus) does not justify CPT 36416 (Bundled code (NCCI expansion))""}, {""rule"": ""NCCI_UNBUNDLING"", ""severity"": ""HIGH"", ""detail"": ""CPT 36416 is bundled into CPT 36415 per NCCI edits. Cannot bill separately.""}, {""rule"": ""COST_OUTLIER"", ""severity"": ""MEDIUM"", ""detail"": ""Billed $30.00 vs CPT benchmark $8.00 (3.8x). Significant overbilling.""}]",3,HIGH,-1,-0.0013732899850010805,56.5,93.2
CLM-FWA-FHIR-17685-B,PAT-31579,1234567890,Dr. Sarah Johnson,Internal Medicine,TX,PAYER001,BlueCross BlueShield,Medicare Advantage Plan A,36416,Bundled code (NCCI expansion),Internal Medicine,E11.9,Type 2 diabetes mellitus,,30.0,2024-07-18,11,Office,layer1-fhir-location,professional,FHIR_R4_EOB,2026-03-13 21:08:17,CLM-FWA-FHIR-17685,UNBUNDLING,additional CPTs: 36416,UNBUNDLING,65,U,1,3,0,0,8,3.75,0,31,30.0,30.0,1.0,73.3,26,32.3,0bd552ce5c67,1,"[{""rule"": ""ICD_CPT_MISMATCH"", ""severity"": ""HIGH"", ""detail"": ""ICD E11.9 (Type 2 diabetes mellitus) does not justify CPT 36416 (Bundled code (NCCI expansion))""}, {""rule"": ""NCCI_UNBUNDLING"", ""severity"": ""HIGH"", ""detail"": ""CPT 36416 is bundled into CPT 36415 per NCCI edits. Cannot bill separately.""}, {""rule"": ""COST_OUTLIER"", ""severity"": ""MEDIUM"", ""detail"": ""Billed $30.00 vs CPT benchmark $8.00 (3.8x). Significant overbilling.""}]",3,HIGH,-1,-0.0013732899850010805,56.5,93.2
